{"do_lower_case": true, "unk_token": "[UNK]", "sep_token": "[SEP]", "pad_token": "[PAD]", "cls_token": "[CLS]", "mask_token": "[MASK]", "tokenize_chinese_chars": true, "strip_accents": null, "model_max_length": 512, "name_or_path": "mrm8488/squeezebert-finetuned-squadv1", "special_tokens_map_file": "/root/.cache/huggingface/transformers/8391d74a7a27134d28312a6afafce55aecec32fa46d8ee337e2764d7efd7ffec.dd8bd9bfd3664b530ea4e645105f557769387b3da9f79bdb55ed556bdd80611d", "do_basic_tokenize": true, "never_split": null}